Image Index: ,Detector Type: ,Descriptor Type: ,Matcher Type: ,Selector Type: ,Detection timetaken: ,Total No. of detected points: ,Num. of Filtered points: ,Descriptor timetaken: ,Matcher timetaken: ,No. of Matched pairs: ,
0,SHITOMASI,BRISK,MAT_BF,SEL_KNN,23.2113,1370,125,1.6922,4.94066e-324,-1310888880,
1,SHITOMASI,BRISK,MAT_BF,SEL_KNN,18.674,1301,118,2.38361,0.572582,95,
2,SHITOMASI,BRISK,MAT_BF,SEL_KNN,19.0329,1361,123,2.70004,0.4976,88,
3,SHITOMASI,BRISK,MAT_BF,SEL_KNN,18.5754,1358,120,2.46418,0.474011,80,
4,SHITOMASI,BRISK,MAT_BF,SEL_KNN,18.4141,1333,120,2.47276,0.504259,90,
5,SHITOMASI,BRISK,MAT_BF,SEL_KNN,18.3743,1284,113,2.35766,0.485061,82,
6,SHITOMASI,BRISK,MAT_BF,SEL_KNN,18.2283,1322,114,2.39783,0.505657,79,
7,SHITOMASI,BRISK,MAT_BF,SEL_KNN,19.1049,1366,123,2.41572,0.517645,85,
8,SHITOMASI,BRISK,MAT_BF,SEL_KNN,18.4987,1389,111,2.39514,0.49399,86,
9,SHITOMASI,BRISK,MAT_BF,SEL_KNN,18.9119,1339,112,2.32474,0.463367,82,

0,SHITOMASI,BRIEF,MAT_BF,SEL_KNN,17.9152,1370,125,1.92601,4.94066e-324,-1310888880,
1,SHITOMASI,BRIEF,MAT_BF,SEL_KNN,17.4296,1301,118,1.61099,0.66595,115,
2,SHITOMASI,BRIEF,MAT_BF,SEL_KNN,16.9892,1361,123,1.3233,0.450451,111,
3,SHITOMASI,BRIEF,MAT_BF,SEL_KNN,16.7084,1358,120,1.39909,0.459657,104,
4,SHITOMASI,BRIEF,MAT_BF,SEL_KNN,17.4174,1333,120,1.35412,0.451875,101,
5,SHITOMASI,BRIEF,MAT_BF,SEL_KNN,20.2813,1284,113,1.3544,0.430586,102,
6,SHITOMASI,BRIEF,MAT_BF,SEL_KNN,18.2097,1322,114,1.36647,0.416349,102,
7,SHITOMASI,BRIEF,MAT_BF,SEL_KNN,18.1388,1366,123,1.54989,0.445755,100,
8,SHITOMASI,BRIEF,MAT_BF,SEL_KNN,18.9146,1389,111,1.39938,0.47888,109,
9,SHITOMASI,BRIEF,MAT_BF,SEL_KNN,18.7326,1339,112,1.67331,0.426727,100,

0,SHITOMASI,ORB,MAT_BF,SEL_KNN,18.5642,1370,125,1.7007,4.94066e-324,-1310888880,
1,SHITOMASI,ORB,MAT_BF,SEL_KNN,19.4109,1301,118,1.02591,0.468413,106,
2,SHITOMASI,ORB,MAT_BF,SEL_KNN,18.8419,1361,123,1.14104,0.462716,102,
3,SHITOMASI,ORB,MAT_BF,SEL_KNN,18.1707,1358,120,1.74564,0.465239,99,
4,SHITOMASI,ORB,MAT_BF,SEL_KNN,18.7106,1333,120,1.87691,0.449664,102,
5,SHITOMASI,ORB,MAT_BF,SEL_KNN,18.4262,1284,113,1.22603,0.627949,103,
6,SHITOMASI,ORB,MAT_BF,SEL_KNN,17.8349,1322,114,1.19309,0.414417,97,
7,SHITOMASI,ORB,MAT_BF,SEL_KNN,17.6925,1366,123,1.23945,0.438285,98,
8,SHITOMASI,ORB,MAT_BF,SEL_KNN,18.0571,1389,111,0.982674,0.427275,104,
9,SHITOMASI,ORB,MAT_BF,SEL_KNN,18.0019,1339,112,1.18144,0.406604,97,

0,SHITOMASI,FREAK,MAT_BF,SEL_KNN,20.3848,1370,125,52.0813,4.94066e-324,-1310888880,
1,SHITOMASI,FREAK,MAT_BF,SEL_KNN,18.9938,1301,118,47.1894,0.53396,86,
2,SHITOMASI,FREAK,MAT_BF,SEL_KNN,14.6367,1361,123,47.4352,0.527299,90,
3,SHITOMASI,FREAK,MAT_BF,SEL_KNN,11.9182,1358,120,45.7634,0.520483,86,
4,SHITOMASI,FREAK,MAT_BF,SEL_KNN,13.8852,1333,120,45.975,0.52683,88,
5,SHITOMASI,FREAK,MAT_BF,SEL_KNN,14.3213,1284,113,45.3894,0.518512,86,
6,SHITOMASI,FREAK,MAT_BF,SEL_KNN,12.4063,1322,114,46.7365,0.475814,80,
7,SHITOMASI,FREAK,MAT_BF,SEL_KNN,12.4608,1366,123,46.7693,0.520953,81,
8,SHITOMASI,FREAK,MAT_BF,SEL_KNN,12.0736,1389,111,47.7359,0.488282,86,
9,SHITOMASI,FREAK,MAT_BF,SEL_KNN,12.153,1339,112,47.0208,0.464505,85,

0,SHITOMASI,SIFT,MAT_BF,SEL_KNN,12.2402,1370,125,23.9824,4.94066e-324,-1310888880,
1,SHITOMASI,SIFT,MAT_BF,SEL_KNN,13.3547,1301,118,17.7328,0.818194,112,
2,SHITOMASI,SIFT,MAT_BF,SEL_KNN,12.2611,1361,123,21.5327,0.874003,109,
3,SHITOMASI,SIFT,MAT_BF,SEL_KNN,11.6752,1358,120,18.241,0.798677,104,
4,SHITOMASI,SIFT,MAT_BF,SEL_KNN,18.0001,1333,120,20.4521,5.15939,103,
5,SHITOMASI,SIFT,MAT_BF,SEL_KNN,11.8209,1284,113,20.0164,0.741243,99,
6,SHITOMASI,SIFT,MAT_BF,SEL_KNN,20.3331,1322,114,20.4225,0.72759,101,
7,SHITOMASI,SIFT,MAT_BF,SEL_KNN,11.7819,1366,123,22.0968,0.80369,96,
8,SHITOMASI,SIFT,MAT_BF,SEL_KNN,15.1025,1389,111,20.4677,0.768325,106,
9,SHITOMASI,SIFT,MAT_BF,SEL_KNN,11.6349,1339,112,18.2668,0.701285,97,

0,HARRIS,BRISK,MAT_BF,SEL_KNN,19.2708,339,51,0.882011,4.94066e-324,-1310888880,
1,HARRIS,BRISK,MAT_BF,SEL_KNN,13.119,286,41,0.744368,0.181091,30,
2,HARRIS,BRISK,MAT_BF,SEL_KNN,12.589,349,63,0.996858,0.19543,21,
3,HARRIS,BRISK,MAT_BF,SEL_KNN,12.4403,356,58,0.960957,0.2347,34,
4,HARRIS,BRISK,MAT_BF,SEL_KNN,13.0107,521,85,1.20953,0.261227,30,
5,HARRIS,BRISK,MAT_BF,SEL_KNN,12.8102,2611,322,3.62523,0.76327,31,
6,HARRIS,BRISK,MAT_BF,SEL_KNN,12.4168,200,38,0.735286,0.554,78,
7,HARRIS,BRISK,MAT_BF,SEL_KNN,12.7709,806,136,1.75296,0.246979,22,
8,HARRIS,BRISK,MAT_BF,SEL_KNN,12.6091,572,96,1.31046,0.470476,71,
9,HARRIS,BRISK,MAT_BF,SEL_KNN,12.7278,1471,194,2.3309,0.570947,58,

0,HARRIS,BRIEF,MAT_BF,SEL_KNN,12.8995,339,51,0.454858,4.94066e-324,-1310888880,
1,HARRIS,BRIEF,MAT_BF,SEL_KNN,12.9567,286,41,0.397567,0.172056,26,
2,HARRIS,BRIEF,MAT_BF,SEL_KNN,12.7715,349,63,0.514435,0.174199,20,
3,HARRIS,BRIEF,MAT_BF,SEL_KNN,11.0962,356,58,0.447701,0.219393,48,
4,HARRIS,BRIEF,MAT_BF,SEL_KNN,11.3406,521,85,0.525551,0.237972,30,
5,HARRIS,BRIEF,MAT_BF,SEL_KNN,13.3677,2611,322,1.40037,0.747431,26,
6,HARRIS,BRIEF,MAT_BF,SEL_KNN,12.5592,200,38,0.459141,0.501816,113,
7,HARRIS,BRIEF,MAT_BF,SEL_KNN,11.6674,806,136,0.693641,0.231061,17,
8,HARRIS,BRIEF,MAT_BF,SEL_KNN,13.675,572,96,0.597448,0.435642,73,
9,HARRIS,BRIEF,MAT_BF,SEL_KNN,13.0315,1471,194,0.917123,0.552607,52,

0,HARRIS,ORB,MAT_BF,SEL_KNN,11.3664,339,51,0.92665,4.94066e-324,-1310888880,
1,HARRIS,ORB,MAT_BF,SEL_KNN,11.2101,286,41,0.905384,0.170289,28,
2,HARRIS,ORB,MAT_BF,SEL_KNN,12.8775,349,63,0.921311,0.174021,22,
3,HARRIS,ORB,MAT_BF,SEL_KNN,18.9033,356,58,1.52759,0.203214,36,
4,HARRIS,ORB,MAT_BF,SEL_KNN,11.5871,521,85,1.41792,0.209095,29,
5,HARRIS,ORB,MAT_BF,SEL_KNN,12.468,2611,322,1.54647,0.795645,26,
6,HARRIS,ORB,MAT_BF,SEL_KNN,11.3767,200,38,0.885361,0.486208,105,
7,HARRIS,ORB,MAT_BF,SEL_KNN,13.388,806,136,1.0771,0.231145,18,
8,HARRIS,ORB,MAT_BF,SEL_KNN,11.8113,572,96,1.44711,0.698321,78,
9,HARRIS,ORB,MAT_BF,SEL_KNN,11.7462,1471,194,1.16942,0.528537,63,

0,HARRIS,FREAK,MAT_BF,SEL_KNN,12.5805,339,51,47.9094,4.94066e-324,-1310888880,
1,HARRIS,FREAK,MAT_BF,SEL_KNN,11.3669,286,41,44.6517,0.19216,29,
2,HARRIS,FREAK,MAT_BF,SEL_KNN,11.8711,349,63,45.2199,0.209177,27,
3,HARRIS,FREAK,MAT_BF,SEL_KNN,13.5695,356,58,45.1064,0.231252,36,
4,HARRIS,FREAK,MAT_BF,SEL_KNN,11.9197,521,85,45.5197,0.27302,33,
5,HARRIS,FREAK,MAT_BF,SEL_KNN,14.3851,2611,322,49.0981,0.783167,35,
6,HARRIS,FREAK,MAT_BF,SEL_KNN,11.9242,200,38,44.8411,0.571465,98,
7,HARRIS,FREAK,MAT_BF,SEL_KNN,14.0907,806,136,47.4719,0.280512,22,
8,HARRIS,FREAK,MAT_BF,SEL_KNN,12.1214,572,96,45.8884,0.528977,88,
9,HARRIS,FREAK,MAT_BF,SEL_KNN,14.3186,1471,194,47.5317,0.582432,58,

0,HARRIS,SIFT,MAT_BF,SEL_KNN,11.8433,339,51,15.8812,4.94066e-324,-1310888880,
1,HARRIS,SIFT,MAT_BF,SEL_KNN,12.5528,286,41,15.7569,0.191585,30,
2,HARRIS,SIFT,MAT_BF,SEL_KNN,13.5099,349,63,15.6285,0.216541,26,
3,HARRIS,SIFT,MAT_BF,SEL_KNN,17.1084,356,58,18.5534,0.271507,37,
4,HARRIS,SIFT,MAT_BF,SEL_KNN,13.4129,521,85,15.0125,0.336841,30,
5,HARRIS,SIFT,MAT_BF,SEL_KNN,13.4315,2611,322,16.9015,1.38878,24,
6,HARRIS,SIFT,MAT_BF,SEL_KNN,17.7029,200,38,18.7432,0.754503,105,
7,HARRIS,SIFT,MAT_BF,SEL_KNN,12.7674,806,136,17.6842,0.323629,25,
8,HARRIS,SIFT,MAT_BF,SEL_KNN,12.8857,572,96,15.042,0.735804,79,
9,HARRIS,SIFT,MAT_BF,SEL_KNN,17.0095,1471,194,16.7819,0.962207,50,

0,FAST,BRISK,MAT_BF,SEL_KNN,2.34126,5063,419,4.66794,4.94066e-324,-1310888880,
1,FAST,BRISK,MAT_BF,SEL_KNN,2.44425,4952,427,4.72733,4.16629,256,
2,FAST,BRISK,MAT_BF,SEL_KNN,2.03668,4863,404,4.64531,4.04116,243,
3,FAST,BRISK,MAT_BF,SEL_KNN,2.05516,4840,423,4.78999,3.97804,241,
4,FAST,BRISK,MAT_BF,SEL_KNN,2.02442,4856,386,4.37443,3.91471,239,
5,FAST,BRISK,MAT_BF,SEL_KNN,2.12961,4899,414,4.64528,3.74415,215,
6,FAST,BRISK,MAT_BF,SEL_KNN,2.40427,4870,418,4.76669,4.00861,251,
7,FAST,BRISK,MAT_BF,SEL_KNN,2.03153,4868,406,4.5355,4.00571,248,
8,FAST,BRISK,MAT_BF,SEL_KNN,2.09801,4996,396,4.42636,3.79104,243,
9,FAST,BRISK,MAT_BF,SEL_KNN,2.36507,4997,401,4.46056,3.70772,247,

0,FAST,BRIEF,MAT_BF,SEL_KNN,2.38431,5063,419,1.64256,4.94066e-324,-1310888880,
1,FAST,BRIEF,MAT_BF,SEL_KNN,2.44103,4952,427,2.47976,3.88338,320,
2,FAST,BRIEF,MAT_BF,SEL_KNN,2.03336,4863,404,2.00759,3.7532,332,
3,FAST,BRIEF,MAT_BF,SEL_KNN,2.74935,4840,423,1.71083,3.76295,299,
4,FAST,BRIEF,MAT_BF,SEL_KNN,1.98828,4856,386,1.63354,3.60054,331,
5,FAST,BRIEF,MAT_BF,SEL_KNN,2.18899,4899,414,1.74714,3.52463,276,
6,FAST,BRIEF,MAT_BF,SEL_KNN,2.06708,4870,418,1.62836,4.09839,327,
7,FAST,BRIEF,MAT_BF,SEL_KNN,2.00767,4868,406,2.09924,3.70731,324,
8,FAST,BRIEF,MAT_BF,SEL_KNN,2.04847,4996,396,1.62153,3.47671,315,
9,FAST,BRIEF,MAT_BF,SEL_KNN,2.17325,4997,401,1.7266,3.68115,307,

0,FAST,ORB,MAT_BF,SEL_KNN,2.01916,5063,419,1.58012,4.94066e-324,-1310888880,
1,FAST,ORB,MAT_BF,SEL_KNN,2.63311,4952,427,2.42071,4.27312,307,
2,FAST,ORB,MAT_BF,SEL_KNN,2.02802,4863,404,1.51717,3.8038,308,
3,FAST,ORB,MAT_BF,SEL_KNN,2.00768,4840,423,1.52882,3.75548,298,
4,FAST,ORB,MAT_BF,SEL_KNN,1.9598,4856,386,1.47493,3.58678,321,
5,FAST,ORB,MAT_BF,SEL_KNN,2.04591,4899,414,1.55264,3.5131,283,
6,FAST,ORB,MAT_BF,SEL_KNN,2.03935,4870,418,1.54581,3.80377,315,
7,FAST,ORB,MAT_BF,SEL_KNN,2.03465,4868,406,1.51138,3.73941,323,
8,FAST,ORB,MAT_BF,SEL_KNN,2.04524,4996,396,1.49032,3.54756,302,
9,FAST,ORB,MAT_BF,SEL_KNN,2.14746,4997,401,1.5107,3.61406,311,

0,FAST,FREAK,MAT_BF,SEL_KNN,2.08413,5063,419,49.208,4.94066e-324,-1310888880,
1,FAST,FREAK,MAT_BF,SEL_KNN,1.98042,4952,427,49.109,4.12742,251,
2,FAST,FREAK,MAT_BF,SEL_KNN,2.15644,4863,404,49.6349,4.38386,247,
3,FAST,FREAK,MAT_BF,SEL_KNN,2.08679,4840,423,50.7447,3.97909,233,
4,FAST,FREAK,MAT_BF,SEL_KNN,2.04099,4856,386,50.1653,3.82185,255,
5,FAST,FREAK,MAT_BF,SEL_KNN,2.51648,4899,414,47.9385,3.76524,231,
6,FAST,FREAK,MAT_BF,SEL_KNN,2.6616,4870,418,49.3541,4.05645,265,
7,FAST,FREAK,MAT_BF,SEL_KNN,2.81883,4868,406,49.3564,3.95255,251,
8,FAST,FREAK,MAT_BF,SEL_KNN,3.19594,4996,396,49.0855,3.96644,253,
9,FAST,FREAK,MAT_BF,SEL_KNN,2.16677,4997,401,50.0541,3.72963,247,

0,FAST,SIFT,MAT_BF,SEL_KNN,2.3749,5063,419,53.0505,4.94066e-324,-1310888880,
1,FAST,SIFT,MAT_BF,SEL_KNN,2.02757,4952,427,60.49,8.12222,316,
2,FAST,SIFT,MAT_BF,SEL_KNN,2.00744,4863,404,57.0202,8.59815,325,
3,FAST,SIFT,MAT_BF,SEL_KNN,2.77721,4840,423,49.8451,9.36989,297,
4,FAST,SIFT,MAT_BF,SEL_KNN,2.07465,4856,386,51.5789,7.74189,311,
5,FAST,SIFT,MAT_BF,SEL_KNN,1.99328,4899,414,56.042,7.26489,291,
6,FAST,SIFT,MAT_BF,SEL_KNN,2.12278,4870,418,53.5209,7.8343,326,
7,FAST,SIFT,MAT_BF,SEL_KNN,2.02551,4868,406,51.9178,7.70751,315,
8,FAST,SIFT,MAT_BF,SEL_KNN,2.01824,4996,396,53.495,7.27957,300,
9,FAST,SIFT,MAT_BF,SEL_KNN,2.427,4997,401,49.8012,7.2414,301,

0,BRISK,BRISK,MAT_BF,SEL_KNN,412.153,2757,264,3.1342,4.94066e-324,-1310888880,
1,BRISK,BRISK,MAT_BF,SEL_KNN,410.677,2777,282,3.29703,1.86118,171,
2,BRISK,BRISK,MAT_BF,SEL_KNN,412.099,2741,282,3.32903,1.96009,176,
3,BRISK,BRISK,MAT_BF,SEL_KNN,410.132,2735,277,3.30298,1.96875,157,
4,BRISK,BRISK,MAT_BF,SEL_KNN,411.681,2757,297,3.47729,2.02862,176,
5,BRISK,BRISK,MAT_BF,SEL_KNN,413.889,2695,279,3.37641,2.09696,174,
6,BRISK,BRISK,MAT_BF,SEL_KNN,412.446,2715,289,3.52008,1.98805,188,
7,BRISK,BRISK,MAT_BF,SEL_KNN,408.887,2628,272,3.18756,1.94545,173,
8,BRISK,BRISK,MAT_BF,SEL_KNN,409.158,2639,266,3.14816,1.82283,171,
9,BRISK,BRISK,MAT_BF,SEL_KNN,415.211,2672,254,3.45013,1.72303,184,

0,BRISK,BRIEF,MAT_BF,SEL_KNN,409.76,2757,264,1.173,4.94066e-324,-1310888880,
1,BRISK,BRIEF,MAT_BF,SEL_KNN,412.344,2777,282,1.28333,1.74153,178,
2,BRISK,BRIEF,MAT_BF,SEL_KNN,412.758,2741,282,1.21295,1.88668,205,
3,BRISK,BRIEF,MAT_BF,SEL_KNN,410.838,2735,277,1.32765,1.81478,185,
4,BRISK,BRIEF,MAT_BF,SEL_KNN,411.611,2757,297,1.27077,1.89881,179,
5,BRISK,BRIEF,MAT_BF,SEL_KNN,409.564,2695,279,1.29028,1.91289,183,
6,BRISK,BRIEF,MAT_BF,SEL_KNN,410.716,2715,289,1.28547,1.88585,195,
7,BRISK,BRIEF,MAT_BF,SEL_KNN,407.891,2628,272,1.19541,1.8625,207,
8,BRISK,BRIEF,MAT_BF,SEL_KNN,408.96,2639,266,1.13336,1.7009,189,
9,BRISK,BRIEF,MAT_BF,SEL_KNN,410.887,2672,254,1.15983,1.61827,183,

0,BRISK,ORB,MAT_BF,SEL_KNN,412.945,2757,264,5.44268,4.94066e-324,-1310888880,
1,BRISK,ORB,MAT_BF,SEL_KNN,413.123,2777,282,5.54621,1.83161,162,
2,BRISK,ORB,MAT_BF,SEL_KNN,412.816,2741,282,5.05219,1.85526,175,
3,BRISK,ORB,MAT_BF,SEL_KNN,411.234,2735,277,5.04413,1.85668,158,
4,BRISK,ORB,MAT_BF,SEL_KNN,408.783,2757,297,5.12155,1.90114,167,
5,BRISK,ORB,MAT_BF,SEL_KNN,411.054,2695,279,5.28664,1.95464,160,
6,BRISK,ORB,MAT_BF,SEL_KNN,413.394,2715,289,7.15276,16.532,182,
7,BRISK,ORB,MAT_BF,SEL_KNN,425.142,2628,272,5.19646,1.83724,167,
8,BRISK,ORB,MAT_BF,SEL_KNN,410.577,2639,266,5.11224,1.72365,171,
9,BRISK,ORB,MAT_BF,SEL_KNN,411.952,2672,254,5.15662,1.6509,172,

0,BRISK,FREAK,MAT_BF,SEL_KNN,412.107,2757,264,50.994,4.94066e-324,-1310888880,
1,BRISK,FREAK,MAT_BF,SEL_KNN,409.696,2777,282,50.1604,1.62416,160,
2,BRISK,FREAK,MAT_BF,SEL_KNN,413.426,2741,282,49.4209,1.78864,177,
3,BRISK,FREAK,MAT_BF,SEL_KNN,410.692,2735,277,49.0572,1.77945,155,
4,BRISK,FREAK,MAT_BF,SEL_KNN,415.285,2757,297,50.592,1.86178,173,
5,BRISK,FREAK,MAT_BF,SEL_KNN,409.205,2695,279,49.0462,1.76151,161,
6,BRISK,FREAK,MAT_BF,SEL_KNN,409.556,2715,289,49.6552,1.73244,183,
7,BRISK,FREAK,MAT_BF,SEL_KNN,418.312,2628,272,48.9183,1.72721,169,
8,BRISK,FREAK,MAT_BF,SEL_KNN,410.688,2639,266,48.6839,1.64546,178,
9,BRISK,FREAK,MAT_BF,SEL_KNN,412.334,2672,254,48.9844,1.49245,168,

0,BRISK,SIFT,MAT_BF,SEL_KNN,410.849,2757,264,69.4678,4.94066e-324,-1310888880,
1,BRISK,SIFT,MAT_BF,SEL_KNN,410.188,2777,282,67.6352,3.51568,182,
2,BRISK,SIFT,MAT_BF,SEL_KNN,408.644,2741,282,67.2463,3.71348,193,
3,BRISK,SIFT,MAT_BF,SEL_KNN,411.438,2735,277,68.8893,3.65784,169,
4,BRISK,SIFT,MAT_BF,SEL_KNN,410.845,2757,297,69.0334,3.82273,183,
5,BRISK,SIFT,MAT_BF,SEL_KNN,409.921,2695,279,68.0987,3.82399,171,
6,BRISK,SIFT,MAT_BF,SEL_KNN,408.951,2715,289,67.9834,3.72562,195,
7,BRISK,SIFT,MAT_BF,SEL_KNN,411.112,2628,272,79.333,3.69014,194,
8,BRISK,SIFT,MAT_BF,SEL_KNN,410.639,2639,266,67.9402,3.42221,176,
9,BRISK,SIFT,MAT_BF,SEL_KNN,411.041,2672,254,62.9024,3.21189,183,

0,ORB,BRISK,MAT_BF,SEL_KNN,9.78559,500,92,1.31562,4.94066e-324,-1310888880,
1,ORB,BRISK,MAT_BF,SEL_KNN,9.47859,500,102,1.40796,0.326975,73,
2,ORB,BRISK,MAT_BF,SEL_KNN,8.711,500,106,1.35353,0.360014,74,
3,ORB,BRISK,MAT_BF,SEL_KNN,8.83952,500,113,1.46171,0.382255,79,
4,ORB,BRISK,MAT_BF,SEL_KNN,8.79559,500,109,1.42561,0.445254,85,
5,ORB,BRISK,MAT_BF,SEL_KNN,8.83475,500,125,1.65976,0.427325,79,
6,ORB,BRISK,MAT_BF,SEL_KNN,9.06301,500,130,1.63078,0.469864,92,
7,ORB,BRISK,MAT_BF,SEL_KNN,8.86062,500,129,1.62883,0.498926,90,
8,ORB,BRISK,MAT_BF,SEL_KNN,8.78377,500,127,1.65742,0.498961,88,
9,ORB,BRISK,MAT_BF,SEL_KNN,8.87076,500,128,1.88948,0.552728,91,

0,ORB,BRIEF,MAT_BF,SEL_KNN,8.92321,500,92,0.631232,4.94066e-324,-1310888880,
1,ORB,BRIEF,MAT_BF,SEL_KNN,10.9086,500,102,0.657068,0.346669,49,
2,ORB,BRIEF,MAT_BF,SEL_KNN,8.28084,500,106,1.05867,0.378436,43,
3,ORB,BRIEF,MAT_BF,SEL_KNN,7.88459,500,113,0.696928,0.393406,45,
4,ORB,BRIEF,MAT_BF,SEL_KNN,9.30372,500,109,0.726073,0.402558,59,
5,ORB,BRIEF,MAT_BF,SEL_KNN,8.02173,500,125,0.712286,0.432749,53,
6,ORB,BRIEF,MAT_BF,SEL_KNN,8.79238,500,130,0.728363,0.498098,78,
7,ORB,BRIEF,MAT_BF,SEL_KNN,8.88429,500,129,0.751759,0.500246,68,
8,ORB,BRIEF,MAT_BF,SEL_KNN,8.02869,500,127,0.692957,0.495263,84,
9,ORB,BRIEF,MAT_BF,SEL_KNN,9.40133,500,128,1.21393,0.810197,66,

0,ORB,ORB,MAT_BF,SEL_KNN,7.97976,500,92,5.18968,4.94066e-324,-1310888880,
1,ORB,ORB,MAT_BF,SEL_KNN,8.01295,500,102,5.26781,0.347108,67,
2,ORB,ORB,MAT_BF,SEL_KNN,9.24524,500,106,5.1804,0.359768,70,
3,ORB,ORB,MAT_BF,SEL_KNN,7.88575,500,113,6.36065,0.489589,72,
4,ORB,ORB,MAT_BF,SEL_KNN,7.90175,500,109,5.07668,0.403806,84,
5,ORB,ORB,MAT_BF,SEL_KNN,8.14669,500,125,5.10882,0.457577,91,
6,ORB,ORB,MAT_BF,SEL_KNN,9.12087,500,130,6.89177,0.503573,101,
7,ORB,ORB,MAT_BF,SEL_KNN,7.81166,500,129,5.87948,0.836259,92,
8,ORB,ORB,MAT_BF,SEL_KNN,7.94128,500,127,5.24819,0.492126,93,
9,ORB,ORB,MAT_BF,SEL_KNN,8.57806,500,128,5.13153,0.498885,93,

0,ORB,FREAK,MAT_BF,SEL_KNN,8.40269,500,92,48.9433,4.94066e-324,-1310888880,
1,ORB,FREAK,MAT_BF,SEL_KNN,10.5545,500,102,46.1077,0.209211,42,
2,ORB,FREAK,MAT_BF,SEL_KNN,8.77042,500,106,46.1852,0.223325,36,
3,ORB,FREAK,MAT_BF,SEL_KNN,10.6422,500,113,47.4491,0.214428,44,
4,ORB,FREAK,MAT_BF,SEL_KNN,8.58149,500,109,45.6482,0.255008,47,
5,ORB,FREAK,MAT_BF,SEL_KNN,8.56642,500,125,47.9211,0.239661,44,
6,ORB,FREAK,MAT_BF,SEL_KNN,8.90152,500,130,46.8484,0.262057,51,
7,ORB,FREAK,MAT_BF,SEL_KNN,8.53238,500,129,45.5778,0.269296,52,
8,ORB,FREAK,MAT_BF,SEL_KNN,8.56592,500,127,46.5219,0.297669,48,
9,ORB,FREAK,MAT_BF,SEL_KNN,11.0259,500,128,47.034,0.27227,56,

0,ORB,SIFT,MAT_BF,SEL_KNN,8.66475,500,92,71.3747,4.94066e-324,-1310888880,
1,ORB,SIFT,MAT_BF,SEL_KNN,8.90742,500,102,68.3366,0.549464,67,
2,ORB,SIFT,MAT_BF,SEL_KNN,7.82764,500,106,78.3569,0.610075,79,
3,ORB,SIFT,MAT_BF,SEL_KNN,8.59677,500,113,77.5851,0.70188,78,
4,ORB,SIFT,MAT_BF,SEL_KNN,8.69525,500,109,70.6236,0.702334,79,
5,ORB,SIFT,MAT_BF,SEL_KNN,8.72747,500,125,78.9961,0.750506,82,
6,ORB,SIFT,MAT_BF,SEL_KNN,8.97788,500,130,81.4168,0.871135,95,
7,ORB,SIFT,MAT_BF,SEL_KNN,8.78004,500,129,84.2165,0.88633,95,
8,ORB,SIFT,MAT_BF,SEL_KNN,8.92864,500,127,89.3789,0.83618,94,
9,ORB,SIFT,MAT_BF,SEL_KNN,8.81658,500,128,85.9955,0.883069,94,

0,AKAZE,BRISK,MAT_BF,SEL_KNN,113.692,1351,166,2.13236,4.94066e-324,-1310888880,
1,AKAZE,BRISK,MAT_BF,SEL_KNN,111.147,1327,157,2.75916,0.775073,137,
2,AKAZE,BRISK,MAT_BF,SEL_KNN,113.042,1311,161,2.79056,0.75597,125,
3,AKAZE,BRISK,MAT_BF,SEL_KNN,113.039,1351,155,2.70757,0.774926,129,
4,AKAZE,BRISK,MAT_BF,SEL_KNN,108.524,1360,163,1.97695,0.755838,129,
5,AKAZE,BRISK,MAT_BF,SEL_KNN,110.024,1347,164,2.05523,0.779996,131,
6,AKAZE,BRISK,MAT_BF,SEL_KNN,110.581,1363,173,2.20222,0.825804,132,
7,AKAZE,BRISK,MAT_BF,SEL_KNN,114.292,1331,175,2.18029,0.903876,142,
8,AKAZE,BRISK,MAT_BF,SEL_KNN,105.301,1357,177,2.14059,0.877229,146,
9,AKAZE,BRISK,MAT_BF,SEL_KNN,107.977,1331,179,2.15345,0.908465,144,

0,AKAZE,BRIEF,MAT_BF,SEL_KNN,113.266,1351,166,0.920955,4.94066e-324,-1310888880,
1,AKAZE,BRIEF,MAT_BF,SEL_KNN,112.909,1327,157,0.845269,0.720407,141,
2,AKAZE,BRIEF,MAT_BF,SEL_KNN,109.552,1311,161,0.856808,0.689704,134,
3,AKAZE,BRIEF,MAT_BF,SEL_KNN,111.246,1351,155,0.835837,0.728993,131,
4,AKAZE,BRIEF,MAT_BF,SEL_KNN,116.746,1360,163,0.873477,0.693666,130,
5,AKAZE,BRIEF,MAT_BF,SEL_KNN,110.191,1347,164,1.69228,0.728577,134,
6,AKAZE,BRIEF,MAT_BF,SEL_KNN,107.22,1363,173,0.901488,0.784977,146,
7,AKAZE,BRIEF,MAT_BF,SEL_KNN,113.205,1331,175,0.901743,0.854057,150,
8,AKAZE,BRIEF,MAT_BF,SEL_KNN,109.826,1357,177,0.94766,0.812604,148,
9,AKAZE,BRIEF,MAT_BF,SEL_KNN,110.894,1331,179,0.911623,0.827491,152,

0,AKAZE,ORB,MAT_BF,SEL_KNN,111.469,1351,166,3.30831,4.94066e-324,-1310888880,
1,AKAZE,ORB,MAT_BF,SEL_KNN,112.508,1327,157,3.28696,0.717319,131,
2,AKAZE,ORB,MAT_BF,SEL_KNN,114.669,1311,161,3.36122,0.705778,129,
3,AKAZE,ORB,MAT_BF,SEL_KNN,114.886,1351,155,4.25795,0.723499,127,
4,AKAZE,ORB,MAT_BF,SEL_KNN,112.041,1360,163,3.41778,0.686508,117,
5,AKAZE,ORB,MAT_BF,SEL_KNN,112.749,1347,164,3.32173,1.22013,130,
6,AKAZE,ORB,MAT_BF,SEL_KNN,111.298,1363,173,3.62217,0.770168,131,
7,AKAZE,ORB,MAT_BF,SEL_KNN,113.153,1331,175,3.43587,0.840142,137,
8,AKAZE,ORB,MAT_BF,SEL_KNN,114.423,1357,177,3.57293,0.875272,135,
9,AKAZE,ORB,MAT_BF,SEL_KNN,112.982,1331,179,3.45543,0.867765,145,

0,AKAZE,FREAK,MAT_BF,SEL_KNN,114.433,1351,166,48.5884,4.94066e-324,-1310888880,
1,AKAZE,FREAK,MAT_BF,SEL_KNN,114.276,1327,157,49.9084,0.831146,126,
2,AKAZE,FREAK,MAT_BF,SEL_KNN,115.544,1311,161,48.0687,0.756461,129,
3,AKAZE,FREAK,MAT_BF,SEL_KNN,116.87,1351,155,47.9456,0.768145,127,
4,AKAZE,FREAK,MAT_BF,SEL_KNN,116.963,1360,163,48.1863,0.736729,121,
5,AKAZE,FREAK,MAT_BF,SEL_KNN,115.977,1347,164,53.4735,0.828186,122,
6,AKAZE,FREAK,MAT_BF,SEL_KNN,105.848,1363,173,49.4443,0.840186,133,
7,AKAZE,FREAK,MAT_BF,SEL_KNN,111.861,1331,175,48.7917,0.88104,144,
8,AKAZE,FREAK,MAT_BF,SEL_KNN,117.101,1357,177,48.8458,0.900191,147,
9,AKAZE,FREAK,MAT_BF,SEL_KNN,118.398,1331,179,53.2065,0.9045,138,

0,AKAZE,AKAZE,MAT_BF,SEL_KNN,115.373,1351,166,100.647,4.94066e-324,-1310888880,
1,AKAZE,AKAZE,MAT_BF,SEL_KNN,107.536,1327,157,99.7777,0.911157,138,
2,AKAZE,AKAZE,MAT_BF,SEL_KNN,103.573,1311,161,98.5471,0.853529,138,
3,AKAZE,AKAZE,MAT_BF,SEL_KNN,101.614,1351,155,94.0006,0.841272,133,
4,AKAZE,AKAZE,MAT_BF,SEL_KNN,105.475,1360,163,98.3112,0.851679,127,
5,AKAZE,AKAZE,MAT_BF,SEL_KNN,107.899,1347,164,99.0011,0.882225,129,
6,AKAZE,AKAZE,MAT_BF,SEL_KNN,102.873,1363,173,97.2713,0.930543,146,
7,AKAZE,AKAZE,MAT_BF,SEL_KNN,109.34,1331,175,97.0655,0.972411,147,
8,AKAZE,AKAZE,MAT_BF,SEL_KNN,101.503,1357,177,97.2144,1.00609,151,
9,AKAZE,AKAZE,MAT_BF,SEL_KNN,102.19,1331,179,91.5286,1.05311,150,

0,AKAZE,SIFT,MAT_BF,SEL_KNN,116.497,1351,166,36.4016,4.94066e-324,-1310888880,
1,AKAZE,SIFT,MAT_BF,SEL_KNN,104.358,1327,157,35.1577,1.32772,134,
2,AKAZE,SIFT,MAT_BF,SEL_KNN,103.249,1311,161,35.6872,1.31423,134,
3,AKAZE,SIFT,MAT_BF,SEL_KNN,107.893,1351,155,34.5499,1.4769,130,
4,AKAZE,SIFT,MAT_BF,SEL_KNN,100.553,1360,163,35.3763,1.30629,136,
5,AKAZE,SIFT,MAT_BF,SEL_KNN,98.3451,1347,164,34.989,1.42489,137,
6,AKAZE,SIFT,MAT_BF,SEL_KNN,103.466,1363,173,35.6876,1.44598,147,
7,AKAZE,SIFT,MAT_BF,SEL_KNN,105.62,1331,175,36.0627,1.51551,147,
8,AKAZE,SIFT,MAT_BF,SEL_KNN,107.491,1357,177,37.1785,1.85911,154,
9,AKAZE,SIFT,MAT_BF,SEL_KNN,101.015,1331,179,37.1386,2.22299,151,

0,SIFT,BRISK,MAT_BF,SEL_KNN,169.145,1438,138,1.70339,4.94066e-324,-1310888880,
1,SIFT,BRISK,MAT_BF,SEL_KNN,144.661,1371,132,1.67046,0.574961,64,
2,SIFT,BRISK,MAT_BF,SEL_KNN,167.209,1380,124,1.57814,0.585254,66,
3,SIFT,BRISK,MAT_BF,SEL_KNN,167.729,1335,137,1.78656,0.579033,62,
4,SIFT,BRISK,MAT_BF,SEL_KNN,168.305,1305,134,1.69459,0.604785,66,
5,SIFT,BRISK,MAT_BF,SEL_KNN,167.994,1370,140,1.79014,0.644027,59,
6,SIFT,BRISK,MAT_BF,SEL_KNN,168.911,1396,137,1.69579,0.666572,64,
7,SIFT,BRISK,MAT_BF,SEL_KNN,169.589,1382,148,1.82649,0.677786,64,
8,SIFT,BRISK,MAT_BF,SEL_KNN,171.671,1463,159,1.93035,0.710914,67,
9,SIFT,BRISK,MAT_BF,SEL_KNN,171.047,1422,137,2.00383,0.679519,80,

0,SIFT,BRIEF,MAT_BF,SEL_KNN,169.431,1438,138,0.76792,4.94066e-324,-1310888880,
1,SIFT,BRIEF,MAT_BF,SEL_KNN,170.405,1371,132,0.750073,0.55037,86,
2,SIFT,BRIEF,MAT_BF,SEL_KNN,170.138,1380,124,0.793287,0.491809,78,
3,SIFT,BRIEF,MAT_BF,SEL_KNN,167.229,1335,137,0.78181,0.51316,76,
4,SIFT,BRIEF,MAT_BF,SEL_KNN,176.621,1305,134,0.750982,0.537606,85,
5,SIFT,BRIEF,MAT_BF,SEL_KNN,170.278,1370,140,0.825401,0.563889,69,
6,SIFT,BRIEF,MAT_BF,SEL_KNN,171.842,1396,137,0.764051,0.567994,74,
7,SIFT,BRIEF,MAT_BF,SEL_KNN,171.168,1382,148,0.811144,0.576769,76,
8,SIFT,BRIEF,MAT_BF,SEL_KNN,173.974,1463,159,0.852443,0.65351,70,
9,SIFT,BRIEF,MAT_BF,SEL_KNN,172.509,1422,137,0.768891,0.63645,88,

0,SIFT,FREAK,MAT_BF,SEL_KNN,168.518,1438,138,48.2653,4.94066e-324,-1310888880,
1,SIFT,FREAK,MAT_BF,SEL_KNN,170.777,1371,132,48.5946,0.592304,65,
2,SIFT,FREAK,MAT_BF,SEL_KNN,169.17,1380,124,48.4293,0.577434,72,
3,SIFT,FREAK,MAT_BF,SEL_KNN,172.85,1335,137,47.7337,0.554896,64,
4,SIFT,FREAK,MAT_BF,SEL_KNN,171.055,1305,134,47.8302,0.605064,66,
5,SIFT,FREAK,MAT_BF,SEL_KNN,171.831,1370,140,48.7492,0.619291,59,
6,SIFT,FREAK,MAT_BF,SEL_KNN,172.205,1396,137,47.9096,0.6153,59,
7,SIFT,FREAK,MAT_BF,SEL_KNN,175.338,1382,148,48.5737,0.686146,64,
8,SIFT,FREAK,MAT_BF,SEL_KNN,170.974,1463,159,47.8671,0.696088,65,
9,SIFT,FREAK,MAT_BF,SEL_KNN,171.524,1422,137,47.596,0.67216,79,

0,SIFT,SIFT,MAT_BF,SEL_KNN,172.213,1438,138,92.4221,4.94066e-324,-1310888880,
1,SIFT,SIFT,MAT_BF,SEL_KNN,133.619,1371,132,95.4757,0.955395,82,
2,SIFT,SIFT,MAT_BF,SEL_KNN,138.973,1380,124,102.394,0.886826,81,
3,SIFT,SIFT,MAT_BF,SEL_KNN,134.908,1335,137,100.859,0.914813,85,
4,SIFT,SIFT,MAT_BF,SEL_KNN,134.412,1305,134,99.6833,0.951746,93,
5,SIFT,SIFT,MAT_BF,SEL_KNN,140.128,1370,140,103.24,1.00034,90,
6,SIFT,SIFT,MAT_BF,SEL_KNN,142.051,1396,137,100.45,1.03124,81,
7,SIFT,SIFT,MAT_BF,SEL_KNN,141.241,1382,148,101.609,1.07968,82,
8,SIFT,SIFT,MAT_BF,SEL_KNN,151.901,1463,159,94.3318,1.24545,102,
9,SIFT,SIFT,MAT_BF,SEL_KNN,153.634,1422,137,113.233,1.1603,104,

